Name,Address,Type,Description,Image_URL
Amon G. Carter Stadium,2850 Stadium Dr Fort Worth TX 76129,Sports,Home of TCU football and the best fall Saturdays in Fort Worth.,https://gofrogs.com/images/2023/11/1/Amon_G._Carter_Stadium.jpg 
Trinity River Trail,3100 Bryant Irvin Rd Fort Worth TX 76109,Park,My favorite place for long walks and creative thinking along the water.,https://assets.simpleviewinc.com/simpleview/image/upload/crm/fortworth/HorsebackRidingDowntown0-d056f43e5056a34_d056f605-5056-a348-3acc7a879ca6c5f8.jpg 
Stewart's Cocktail Club,34424 White Settlement Rd Fort Worth TX 76114,Bar,Champagne and caviar vibes with a cute upscale energy.,"https://platform.dallas.eater.com/wp-content/uploads/sites/21/2025/02/Stewart_s-Croquet-Cocktails_Photo-Courtesy-of-Zach-Simmons_12.jpg? quality=90&strip=all&crop=0.0078125,0,99.984375,100 "
Fort Worth Botanic Garden,3220 Botanic Garden Blvd Fort Worth TX 76107,Landmark,Peaceful gardens that feel like an escape from the city.,https://www.fortworthtexas.gov/files/assets/public/v/1/library/images/feature-images/botanic-garden-passes.jpg?w=1200 
Fort Worth Stockyards,131 E Exchange Ave Fort Worth TX 76164,Landmark,Classic western Fort Worth with cattle drives and cowboy energy.,https://www.fortworthstockyards.org/sites/default/files/2022-04/FW%20Herd%20drive%20under%20sign%2013x19%20print%20no%20logo-_0.jpeg 
Bowie House Hotel,3700 Camp Bowie Blvd Fort Worth TX 76107,Hotel,Luxury western aesthetic hotel that represents modern Fort Worth.,"https://media.cntraveler.com/photos/6621824d39a0856e9b299483/16:9/w_2560,c_limit/Bowie%20House,%20Auberge%20Resorts%20Collection.png "
Hudson House,4600 Dexter Ave Fort Worth TX 76107,Restaurant,Coastal style restaurant known for martinis and oysters.,https://www.papercitymag.com/wp-content/uploads/2023/12/Hudson-House-opens-Friday-inside-Fort-Worths-historic-ice-house.-Photo-by-Courtney-Dabney-300x225.jpeg 
Magnolia Avenue,1100 W Magnolia Ave Fort Worth TX 76104,Neighborhood,Trendy stretch of local restaurants and small businesses.,https://fwtx.com/downloads/14348/download/magnolia.jpg.jpe?cb=16ba676f84fa45a37228db7e65f7257b 
Cafe Bella,3548 S Hills Ave Fort Worth TX 76109,Restaurant,Cozy Italian spot near TCU with a neighborhood feel.,https://fwtx.com/downloads/43463/download/cafebella_fwm_may_cw15.jpg?cb=3d2d8e5db4000f52438b960174b81af9 
The Shops at Clearfork,5188 Monahans Ave Fort Worth TX 76109,Shopping,Outdoor shopping area with restaurants and luxury retail.,https://www.beckgroup.com/wp-content/uploads/2019/06/MR_Clearfork_Ext_06.jpg 